<?xml version="1.0" encoding="UTF-8"?>
<GenRun Id="synth_1" LaunchPart="xc7a200tffg1156-3" LaunchTime="1722111708">
  <File Type="PA-TCL" Name="DSP48A1.tcl"/>
  <File Type="RDS-PROPCONSTRS" Name="DSP48A1_drc_synth.rpt"/>
  <File Type="REPORTS-TCL" Name="DSP48A1_reports.tcl"/>
  <File Type="RDS-RDS" Name="DSP48A1.vds"/>
  <File Type="RDS-UTIL" Name="DSP48A1_utilization_synth.rpt"/>
  <File Type="RDS-UTIL-PB" Name="DSP48A1_utilization_synth.pb"/>
  <File Type="RDS-DCP" Name="DSP48A1.dcp"/>
  <File Type="VDS-TIMINGSUMMARY" Name="DSP48A1_timing_summary_synth.rpt"/>
  <File Type="VDS-TIMING-PB" Name="DSP48A1_timing_summary_synth.pb"/>
  <FileSet Name="sources" Type="DesignSrcs" RelSrcDir="$PSRCDIR/sources_1">
    <Filter Type="Srcs"/>
    <File Path="$PPRDIR/../../Questasim/DSP48A1/DSP48A1.v">
      <FileInfo>
        <Attr Name="UsedIn" Val="synthesis"/>
        <Attr Name="UsedIn" Val="implementation"/>
        <Attr Name="UsedIn" Val="simulation"/>
      </FileInfo>
    </File>
    <Config>
      <Option Name="DesignMode" Val="RTL"/>
      <Option Name="TopModule" Val="DSP48A1"/>
      <Option Name="TopAutoSet" Val="TRUE"/>
    </Config>
  </FileSet>
  <FileSet Name="constrs_in" Type="Constrs" RelSrcDir="$PSRCDIR/constrs_1">
    <Filter Type="Constrs"/>
    <File Path="$PPRDIR/../../Questasim/DSP48A1/DSP48A1_Constraints.xdc">
      <FileInfo>
        <Attr Name="UsedIn" Val="synthesis"/>
        <Attr Name="UsedIn" Val="implementation"/>
      </FileInfo>
    </File>
    <Config>
      <Option Name="TargetConstrsFile" Val="$PPRDIR/../../Questasim/DSP48A1/DSP48A1_Constraints.xdc"/>
      <Option Name="ConstrsType" Val="XDC"/>
    </Config>
  </FileSet>
  <Strategy Version="1" Minor="2">
    <StratHandle Name="Vivado Synthesis Defaults" Flow="Vivado Synthesis 2018">
      <Desc>Vivado Synthesis Defaults</Desc>
    </StratHandle>
    <Step Id="synth_design"/>
  </Strategy>
</GenRun>
